scaled-distance_english,scaled_ii_english,scaled-distance_metric,scaled_ii_metric
0.49,44.6,0.194381941,400.2200882
0.79,24,0.313391292,215.3650699
1.71,19.3,0.678353303,173.1894104
2.97,27.2,1.17819258,244.0804125
2.97,28.4,1.17819258,254.848666
3.46,21.3,1.37257452,191.1364995
3.46,23.9,1.37257452,214.4677154
4.14,14.3,1.642329051,128.3216875
4.53,15.2,1.797041207,136.3978776
5.55,11.3,2.201673003,101.4010537
5.55,13.4,2.201673003,120.2454974